Marcador;Desfase
2;-47.2746822
3;-90.32278167
4;-135.7890952
5;179.3715195
6;-141.0274548
7;-175.0541793
8;-78.11543097
10;143.2079276
11;111.0832797
12;166.1718189
13;-127.3111755
14;-109.4993486
15;-40.73944282
16;-104.1691129
17;-121.1927571
18;-92.48122033
19;4.298050244
20;-133.2161012
21;-112.0477043
22;-15.28469666
